empty;pont;yCoord;xCoord;irany;tavolsag
;A;21309.14;31789.56;;
;B;24326.57;33014.06;-112.08775285767452;3256.421971259252
;C;22117.52;30047.61;-24.894417911507222;1920.3822606189644
;D;18624.39;28146.06;36.38502233088919;4525.812061111244
;E;17192.75;31789.29;89.99624188659327;4116.390008854845
;F;14463.71;34049.36;108.26898923332386;7208.786855282933
